dno,avg_salary,ssn,fname,dno,total_hours
5,45600.000000,123456789,John,5,40.00
5,45600.000000,333445555,Franklin,5,40.00
5,45600.000000,453453453,Joyce,5,40.00
5,45600.000000,666884444,Ramesh,5,40.00
1,55000.000000,888665555,James,1,NULL
4,31000.000000,987654321,Jennifer,4,35.00
4,31000.000000,987987987,Ahmad,4,40.00
4,31000.000000,999887777,Alicia,4,40.00
