"email_opening_rate","email_clicking_rate"
33.5833880499015102,14.7898883782009192
