dno,sex,avg(salary)
1,M,55000.000000
4,M,25000.000000
5,M,50750.000000
4,F,34000.000000
5,F,25000.000000
