sex,avg_emp_salary
M,47166.666667
F,31000.000000
