dno,avg(salary)
1,55000.000000
5,45600.000000
