dno,avg_salary,sum_salary
5,41777.777778,376000.00
5,41777.777778,376000.00
5,41777.777778,376000.00
5,41777.777778,376000.00
1,41777.777778,376000.00
5,41777.777778,376000.00
4,41777.777778,376000.00
4,41777.777778,376000.00
4,41777.777778,376000.00
