dno,avg_sal
1,55000.000000
4,31000.000000
5,45600.000000
