ssn,Full_name,avg_dept_salary
888665555,"James Borg",55000.000000
987654321,"Jennifer Wallace",31000.000000
987987987,"Ahmad Jabbar",31000.000000
999887777,"Alicia Zelaya",31000.000000
123456789,"John Smith",45600.000000
333445555,"Franklin Wong",45600.000000
453453453,"Joyce English",45600.000000
666884444,"Ramesh Narayan",45600.000000
987654312,"Advait Chavan",45600.000000
