ssn,salary,dno,avg_salary
987654312,95000.00,5,45600.000000
987654321,43000.00,4,31000.000000
